{
    "world_size": 2,
    "train_time": 310.8923296928406,
    "avg_epoch_time": 31.08923296928406,
    "val_accuracy": 88.48295059151009,
    "test_accuracy": 89.00487125956855,
    "test_loss": 0.2776989790824195,
    "total_time": 310.8923296928406,
    "train_losses": [
        0.6327246137568817,
        0.5890339320050552,
        0.5154473991067412,
        0.44805898884069234,
        0.40771463368216143,
        0.38795711103468544,
        0.36416823771051987,
        0.34635086952816924,
        0.3350756921741451,
        0.32771433972172065
    ],
    "train_accuracies": [
        62.816972131559126,
        67.97221524813791,
        74.28236672524898,
        78.84341785923509,
        80.84358523725835,
        81.83948447568834,
        83.34588668507826,
        83.9902920746506,
        84.6514352665495,
        85.11172483052975
    ],
    "val_losses": [
        0.5621952143657847,
        0.6692619267734455,
        0.4508197557287409,
        0.3879930659890092,
        0.36636712510467984,
        0.3214837823091652,
        0.30161363068934355,
        0.28972792292043575,
        0.2772912977259443,
        0.27196843142341887
    ],
    "val_accuracies": [
        72.44258872651356,
        72.44258872651356,
        80.1322199025748,
        83.50730688935282,
        84.27279053583855,
        86.1169102296451,
        87.29993041057759,
        87.89144050104385,
        88.3089770354906,
        88.48295059151009
    ],
    "hyperparameters": {
        "batch_size": 32,
        "num_epochs": 10,
        "initial_lr": 0.001,
        "weight_decay": 0.0001,
        "num_classes": 2,
        "save_model": true
    }
}