{
    "world_size": 4,
    "train_time": 245.84447646141052,
    "avg_epoch_time": 24.58444764614105,
    "val_accuracy": 89.5615866388309,
    "test_accuracy": 88.45618915159945,
    "test_loss": 0.2856060806169629,
    "total_time": 245.84447646141052,
    "train_losses": [
        0.6227893036778502,
        0.5064315388092935,
        0.44501814841226556,
        0.4119155205094166,
        0.38889749136928736,
        0.3689857364000137,
        0.3514526814546545,
        0.3262890912922855,
        0.3231074530310212,
        0.3053726876330675
    ],
    "train_accuracies": [
        64.06694560669456,
        74.7112970711297,
        78.39330543933055,
        80.93723849372385,
        82.74476987447699,
        83.31380753138075,
        84.0,
        85.64016736401673,
        84.93723849372385,
        86.15899581589959
    ],
    "val_losses": [
        0.48533296211776256,
        0.5534264625321682,
        0.42048473049554047,
        0.36816911367218613,
        0.35022868268922874,
        0.31812718844529897,
        0.2886393722678193,
        0.2700196054136081,
        0.257589325837651,
        0.2520700430986196
    ],
    "val_accuracies": [
        77.52261656228254,
        74.94780793319416,
        82.11551844119694,
        84.27279053583855,
        86.0821155184412,
        86.29088378566458,
        88.16979819067502,
        88.86569241475296,
        89.21363952679192,
        89.5615866388309
    ],
    "hyperparameters": {
        "batch_size": 32,
        "num_epochs": 10,
        "initial_lr": 0.001,
        "weight_decay": 0.0001,
        "num_classes": 2,
        "save_model": true
    }
}