{
    "world_size": 4,
    "train_time": 197.83912801742554,
    "avg_epoch_time": 19.783912801742552,
    "val_accuracy": 88.16979819067502,
    "test_accuracy": 87.34353268428373,
    "test_loss": 0.29947710567787394,
    "total_time": 197.83912801742554,
    "train_losses": [
        0.6412518679147984,
        0.6148269312950357,
        0.5751397699042843,
        0.5387962841738217,
        0.48829011147989887,
        0.4347505896560318,
        0.4109335389646027,
        0.3779095295832247,
        0.36091915325140855,
        0.3492699241812758
    ],
    "train_accuracies": [
        60.65271966527197,
        64.98744769874477,
        68.05020920502092,
        71.581589958159,
        75.79916317991632,
        78.49372384937239,
        80.35146443514644,
        82.82845188284519,
        83.2970711297071,
        83.78242677824268
    ],
    "val_losses": [
        0.627695694762796,
        0.5629490279620442,
        0.5494283037046301,
        0.6069209627916021,
        0.44306428090681527,
        0.37524790770491545,
        0.34848237867229254,
        0.31116104349960616,
        0.29317161426331817,
        0.28288789557016963
    ],
    "val_accuracies": [
        68.96311760612387,
        72.58176757132915,
        73.62560890744606,
        74.3910925539318,
        79.67988865692415,
        84.27279053583855,
        85.38622129436325,
        86.98677800974252,
        87.75226165622826,
        88.16979819067502
    ],
    "hyperparameters": {
        "batch_size": 32,
        "num_epochs": 10,
        "initial_lr": 0.001,
        "weight_decay": 0.0001,
        "num_classes": 2,
        "save_model": true
    }
}