{
    "world_size": 2,
    "train_time": 229.06645798683167,
    "avg_epoch_time": 22.906645798683165,
    "val_accuracy": 88.51774530271399,
    "test_accuracy": 88.93528183716076,
    "test_loss": 0.2730251305536338,
    "total_time": 229.06645798683167,
    "train_losses": [
        0.646209762000431,
        0.5918380264153849,
        0.5161895690323249,
        0.45677403733664274,
        0.4217156030157239,
        0.3937545166233911,
        0.3760223412515728,
        0.35538855267873976,
        0.3389298340742314,
        0.33066876846054566
    ],
    "train_accuracies": [
        61.33567662565905,
        68.35718470164868,
        73.84718386475856,
        78.03163444639719,
        80.29123776048205,
        81.73905766172902,
        82.7014812955059,
        83.72248723742572,
        84.37526152816135,
        85.17867603983596
    ],
    "val_losses": [
        0.5795643954286993,
        0.5189103529780128,
        0.43757783877161033,
        0.39708778678997575,
        0.39177452568055526,
        0.3305899766309442,
        0.31320607923515653,
        0.2924645213344152,
        0.2774940743243935,
        0.2710984706173527
    ],
    "val_accuracies": [
        72.79053583855254,
        76.96590118302018,
        80.1670146137787,
        83.05497564370216,
        82.5678496868476,
        86.1169102296451,
        86.49965205288797,
        87.75226165622826,
        88.44815588030619,
        88.51774530271399
    ],
    "hyperparameters": {
        "batch_size": 32,
        "num_epochs": 10,
        "initial_lr": 0.001,
        "weight_decay": 0.0001,
        "num_classes": 2,
        "save_model": true
    }
}