{
    "test_accuracy": 88.44815588030619,
    "test_auc_roc": 0.9496925395015475,
    "computing_time": 430.81368041038513,
    "train_losses": [
        0.6210596803062899,
        0.5158023022315384,
        0.4666536800686171,
        0.4322037116405166,
        0.404930910422459,
        0.38292723888133356,
        0.35945583701742295,
        0.34379166345465023,
        0.3301103982389477,
        0.31900409906067523
    ],
    "train_accuracies": [
        64.60791698050046,
        74.72591848690267,
        77.3830446062432,
        79.73052138254248,
        81.27039919658549,
        82.45459871118922,
        83.49652690601724,
        84.19951460373252,
        85.2581806008871,
        85.30420955728513
    ],
    "val_losses": [
        0.5677483495326795,
        0.47816837327634226,
        0.42385770711605086,
        0.36343985917320537,
        0.34714106620861923,
        0.31541954459823773,
        0.30145176157694975,
        0.27708115318619275,
        0.2700677432867886,
        0.26085828575794234
    ],
    "val_accuracies": [
        73.32521315468941,
        77.88411345049592,
        81.74699843396554,
        84.91386810509832,
        85.90568992517835,
        86.72350791717417,
        87.1411171045763,
        88.16773969027318,
        88.654950408909,
        89.07255959631112
    ],
    "hyperparameters": {
        "batch_size": 32,
        "num_epochs": 10,
        "initial_lr": 0.001,
        "weight_decay": 0.0001,
        "num_classes": 2
    },
    "total_parameters": 22494274,
    "total_layers": 129
}