{
    "test_accuracy": 88.27418232428671,
    "test_auc_roc": 0.9429380803062389,
    "computing_time": 513.3481295108795,
    "train_losses": [
        0.6564421245259454,
        0.6178018958142177,
        0.5612977838025391,
        0.4873317775641319,
        0.4343143931087844,
        0.4060494396933772,
        0.3719647537415891,
        0.3575165027284714,
        0.342136005186438,
        0.3332925926694731
    ],
    "train_accuracies": [
        60.490417608168045,
        65.89672775964516,
        70.98083521633609,
        76.3327475102519,
        79.76399698719558,
        81.05280776634028,
        82.77680140597539,
        83.50489580718052,
        84.52171729851871,
        84.75186208050883
    ],
    "val_losses": [
        0.5788648065866046,
        0.6057876537255625,
        0.5125478022053321,
        0.4093237921987095,
        0.38576770078748,
        0.3374381902136138,
        0.3110430958749357,
        0.28544208406364896,
        0.2795674619372666,
        0.27294589653520435
    ],
    "val_accuracies": [
        71.8113798503567,
        70.87175917870194,
        76.196276318079,
        81.85140073081608,
        84.37445623803724,
        85.59248303462677,
        86.93231251087524,
        87.92413433095528,
        88.04593701061424,
        88.2547416043153
    ],
    "hyperparameters": {
        "batch_size": 32,
        "num_epochs": 10,
        "initial_lr": 0.001,
        "weight_decay": 0.0001,
        "num_classes": 2
    },
    "total_parameters": 22494274,
    "total_layers": 129
}