{
    "test_accuracy": 87.36951983298539,
    "test_auc_roc": 0.9385918920019547,
    "computing_time": 971.9205451011658,
    "train_losses": [
        0.6508227550481611,
        0.6097843164090323,
        0.5693839325477054,
        0.4973368334569675,
        0.45416714065852487,
        0.4246561736758857,
        0.3900207887110685,
        0.3708496155305052,
        0.36016195846388094,
        0.3522465266995035
    ],
    "train_accuracies": [
        60.837727006444055,
        65.70005858230815,
        69.75060674533434,
        75.55862415264876,
        78.19064356849945,
        80.10712193488995,
        81.42103941752448,
        82.9065193740062,
        83.26638212402712,
        83.48815800485396
    ],
    "val_losses": [
        0.575383452658075,
        0.5843018046851695,
        0.5333000642539357,
        0.4071294712526644,
        0.4078668671337152,
        0.3480515762974288,
        0.32265787921574957,
        0.30228086179166086,
        0.30050411572015784,
        0.28909471449031404
    ],
    "val_accuracies": [
        72.19418827214199,
        70.50635113972507,
        76.09187402122846,
        82.54741604315295,
        82.79102140247086,
        85.05307116756569,
        86.097094136071,
        87.07151557334261,
        87.55872629197842,
        87.99373586218897
    ],
    "hyperparameters": {
        "batch_size": 32,
        "num_epochs": 10,
        "initial_lr": 0.001,
        "weight_decay": 0.0001,
        "num_classes": 2
    },
    "total_parameters": 22494274,
    "total_layers": 129
}