{
    "test_accuracy": 88.03061934585944,
    "test_auc_roc": 0.9383098835315198,
    "computing_time": 512.4626846313477,
    "train_losses": [
        0.6437749097073704,
        0.595634428439594,
        0.5446177487373751,
        0.48213151858255787,
        0.43998140067981967,
        0.4147385107577022,
        0.3833630873235322,
        0.366053496335219,
        0.3523341611156165,
        0.3453241724186397
    ],
    "train_accuracies": [
        60.498786509331325,
        66.64155996317683,
        71.22353335007114,
        76.32856305967026,
        78.94802912377605,
        80.3623734203699,
        81.99849359779061,
        83.03623734203698,
        83.84383630429325,
        84.0237676793037
    ],
    "val_losses": [
        0.5588314957632818,
        0.5521836017803128,
        0.47497340405694666,
        0.4065873269643165,
        0.37564722865648803,
        0.3397646198194712,
        0.31666242925938637,
        0.2898364424840334,
        0.2855785305819056,
        0.27716944311854524
    ],
    "val_accuracies": [
        73.60361927962416,
        74.4388376544284,
        78.1103184270054,
        81.99060379328346,
        84.0264485818688,
        85.90568992517835,
        86.35809987819732,
        87.54132590917,
        87.81973203410475,
        88.39394466678267
    ],
    "hyperparameters": {
        "batch_size": 32,
        "num_epochs": 10,
        "initial_lr": 0.001,
        "weight_decay": 0.0001,
        "num_classes": 2
    },
    "total_parameters": 22494274,
    "total_layers": 129
}