{
    "test_accuracy": 86.98677800974252,
    "test_auc_roc": 0.9360863943639028,
    "computing_time": 46234.66271686554,
    "train_losses": [
        0.6461686848875807,
        0.6040912060590357,
        0.5713316714906306,
        0.5009586965751425,
        0.4546200774416124,
        0.4200701522062948,
        0.39449465585828414,
        0.3743258530534514,
        0.3580397320113947,
        0.34591125577241766
    ],
    "train_accuracies": [
        61.29383211984266,
        66.42396853293162,
        69.29031718135408,
        74.89748096074986,
        77.88517867603984,
        80.00251067034898,
        81.93572683906604,
        82.78098585655704,
        83.55510921416018,
        84.10745669093647
    ],
    "val_losses": [
        0.5679779409304357,
        0.5402962324286162,
        0.5012463095168642,
        0.42031619347384314,
        0.3800754271964934,
        0.33900029528176284,
        0.3309145563578469,
        0.302501466780595,
        0.28832000978349376,
        0.28137505985828865
    ],
    "val_accuracies": [
        72.28119018618409,
        74.35183574038629,
        76.63128588828954,
        81.34678962937184,
        82.65181834000349,
        85.40107882373412,
        86.06229337045416,
        87.26291978423525,
        87.68052897163737,
        88.04593701061424
    ],
    "hyperparameters": {
        "batch_size": 32,
        "num_epochs": 10,
        "initial_lr": 0.001,
        "weight_decay": 0.0001,
        "num_classes": 2
    },
    "total_parameters": 22494274,
    "total_layers": 129
}