{
    "world_size": 2,
    "train_time": 279.4308559894562,
    "avg_epoch_time": 27.94308559894562,
    "val_accuracy": 87.09116214335421,
    "test_accuracy": 86.98677800974252,
    "test_loss": 0.3121020334332704,
    "total_time": 279.4308559894562,
    "train_losses": [
        0.6456588382491089,
        0.6137480153824177,
        0.5788744733402226,
        0.5270019430567086,
        0.4696963345274206,
        0.43707803508279436,
        0.4114341286448058,
        0.38886874149719414,
        0.3696538248075303,
        0.36549226143428176
    ],
    "train_accuracies": [
        60.348146288392336,
        65.08494434680726,
        67.8717884341786,
        73.4622144112478,
        77.2198510335593,
        79.23675621390912,
        80.35818896978827,
        81.49635952799397,
        82.83538371411834,
        83.29567327809859
    ],
    "val_losses": [
        0.5885921503075644,
        0.5592073912245579,
        0.5200968342849424,
        0.449126938273696,
        0.41994956930063626,
        0.36486120896365964,
        0.33851759472736154,
        0.32515311365585486,
        0.29677169963396,
        0.29398198489024563
    ],
    "val_accuracies": [
        72.23382045929019,
        74.11273486430062,
        76.20041753653445,
        79.74947807933194,
        80.75852470424495,
        84.02922755741128,
        85.59498956158664,
        85.80375782881002,
        86.91718858733472,
        87.09116214335421
    ],
    "hyperparameters": {
        "batch_size": 32,
        "num_epochs": 10,
        "initial_lr": 0.001,
        "weight_decay": 0.0001,
        "num_classes": 2,
        "save_model": true
    }
}