{
    "world_size": 4,
    "train_time": 303.1322100162506,
    "avg_epoch_time": 30.31322100162506,
    "val_accuracy": 89.35281837160751,
    "test_accuracy": 88.17802503477051,
    "test_loss": 0.2885665204660949,
    "total_time": 303.1322100162506,
    "train_losses": [
        0.6434685512865936,
        0.6025090581303361,
        0.5341850651357962,
        0.46751592995232616,
        0.41332815840154513,
        0.38722702630643563,
        0.3703459503511006,
        0.34233551462823875,
        0.3341208116828647,
        0.31875799929746523
    ],
    "train_accuracies": [
        60.76987447698745,
        66.72803347280335,
        72.36820083682008,
        77.89121338912133,
        80.36820083682008,
        81.43933054393305,
        82.42677824267783,
        84.21757322175732,
        84.66945606694561,
        85.52301255230125
    ],
    "val_losses": [
        0.5957270958561324,
        0.7096601603507332,
        0.5772311355641259,
        0.399709108146264,
        0.3606938847503317,
        0.3259970835703649,
        0.3260389007290951,
        0.2746497748540189,
        0.2598798179178497,
        0.25305518302638746
    ],
    "val_accuracies": [
        70.14613778705636,
        60.473208072373,
        73.83437717466946,
        82.95059151009046,
        85.03827418232429,
        86.22129436325679,
        86.91718858733472,
        88.3089770354906,
        89.35281837160751,
        89.21363952679192
    ],
    "hyperparameters": {
        "batch_size": 32,
        "num_epochs": 10,
        "initial_lr": 0.001,
        "weight_decay": 0.0001,
        "num_classes": 2,
        "save_model": true
    }
}