{
    "world_size": 2,
    "train_time": 507.3406262397766,
    "avg_epoch_time": 50.734062623977664,
    "val_accuracy": 87.12595685455811,
    "test_accuracy": 89.00487125956855,
    "test_loss": 0.2885258300236388,
    "total_time": 507.3406262397766,
    "train_losses": [
        0.6437623405099384,
        0.6063098169558317,
        0.573455969268123,
        0.5080884819958976,
        0.45955380112997746,
        0.42136830438658907,
        0.3899283519558592,
        0.364751009836248,
        0.3498192202651817,
        0.341706729691461
    ],
    "train_accuracies": [
        60.65779563143359,
        65.61218512009373,
        68.6417273412001,
        74.59201606829023,
        77.93120763243786,
        80.25776215582894,
        81.73905766172902,
        83.10318855134321,
        83.78943844673195,
        84.11582559209975
    ],
    "val_losses": [
        0.5890389498356904,
        0.5714535813573839,
        0.4894689439316964,
        0.4200274830654253,
        0.399629770755436,
        0.3688230025079737,
        0.3181646616614852,
        0.31368292960427085,
        0.29383496298255735,
        0.284546621366765
    ],
    "val_accuracies": [
        72.30340988169799,
        73.69519832985387,
        77.17466945024356,
        81.24565066109952,
        82.88100208768267,
        84.16840640222686,
        85.83855254001392,
        86.25608907446068,
        86.95198329853862,
        87.12595685455811
    ],
    "hyperparameters": {
        "batch_size": 32,
        "num_epochs": 10,
        "initial_lr": 0.001,
        "weight_decay": 0.0001,
        "num_classes": 2,
        "save_model": true
    }
}