{
    "world_size": 4,
    "train_time": 212.2620713710785,
    "avg_epoch_time": 21.22620713710785,
    "val_accuracy": 88.10020876826722,
    "test_accuracy": 86.78720445062586,
    "test_loss": 0.306791549100332,
    "total_time": 212.2620713710785,
    "train_losses": [
        0.640213508027368,
        0.6093268294214703,
        0.5762142176009621,
        0.5481988203874691,
        0.4758872297219153,
        0.4252999133046202,
        0.40328851476374034,
        0.3703911739488027,
        0.3604969360938132,
        0.34226615855384573
    ],
    "train_accuracies": [
        61.25523012552301,
        65.22175732217573,
        67.88284518828452,
        70.56066945606695,
        77.23849372384937,
        79.78242677824268,
        80.80334728033473,
        82.59414225941423,
        82.91213389121339,
        83.73221757322176
    ],
    "val_losses": [
        0.5916417552600242,
        0.5803933919264197,
        0.5383723988330604,
        0.5006647317377991,
        0.4035295301124132,
        0.36273427124063257,
        0.3281303976008522,
        0.30551797670047154,
        0.28880073008806073,
        0.2780912941997053
    ],
    "val_accuracies": [
        70.07654836464857,
        75.43493389004871,
        74.11273486430062,
        78.91440501043841,
        82.81141266527487,
        84.9686847599165,
        86.43006263048017,
        86.91718858733472,
        88.10020876826722,
        88.03061934585944
    ],
    "hyperparameters": {
        "batch_size": 32,
        "num_epochs": 10,
        "initial_lr": 0.001,
        "weight_decay": 0.0001,
        "num_classes": 2,
        "save_model": true
    }
}