{
    "world_size": 4,
    "train_time": 5241.370862722397,
    "avg_epoch_time": 524.1370862722397,
    "val_accuracy": 89.00487125956855,
    "test_accuracy": 86.23087621696801,
    "test_loss": 0.30321821790079745,
    "total_time": 5241.370862722397,
    "train_losses": [
        0.6505199718974125,
        0.5836584987899749,
        0.5023062559051993,
        0.4647915743484657,
        0.4171338688479308,
        0.39572005758724454,
        0.37862422605937496,
        0.35116285854054297,
        0.3461937021610627,
        0.32969347835834056
    ],
    "train_accuracies": [
        60.50209205020921,
        69.32217573221757,
        74.32635983263599,
        76.9539748953975,
        80.51882845188284,
        81.5397489539749,
        82.35983263598327,
        84.90376569037657,
        84.418410041841,
        84.71966527196653
    ],
    "val_losses": [
        0.9453251381756618,
        0.6865380228229422,
        0.46379785108002175,
        0.39349500952118704,
        0.6658126527680733,
        0.3422745106613462,
        0.31869609155170436,
        0.2997387532318476,
        0.2774499800774316,
        0.2704863183267762
    ],
    "val_accuracies": [
        38.413361169102295,
        66.52748782185108,
        78.91440501043841,
        82.11551844119694,
        68.12804453723034,
        85.38622129436325,
        86.43006263048017,
        87.68267223382045,
        88.51774530271399,
        89.00487125956855
    ],
    "hyperparameters": {
        "batch_size": 32,
        "num_epochs": 10,
        "initial_lr": 0.001,
        "weight_decay": 0.0001,
        "num_classes": 2,
        "save_model": true
    }
}