{
    "world_size": 4,
    "train_time": 7060.608250141144,
    "avg_epoch_time": 706.0608250141144,
    "val_accuracy": 89.4919972164231,
    "test_accuracy": 88.87343532684284,
    "test_loss": 0.2878904207525399,
    "total_time": 7060.608250141144,
    "train_losses": [
        0.6426999837284806,
        0.5983306241534245,
        0.5132324242342466,
        0.44736579509958563,
        0.4000942371380379,
        0.3735516778669597,
        0.359630262946484,
        0.3370587286116189,
        0.32779783366614307,
        0.3118303519761712
    ],
    "train_accuracies": [
        61.07112970711297,
        68.18410041841004,
        75.16317991631799,
        78.59414225941423,
        80.92050209205021,
        82.81171548117155,
        83.39748953974896,
        85.18828451882845,
        85.23849372384937,
        85.69037656903765
    ],
    "val_losses": [
        0.6030554726626529,
        0.5705916254405935,
        0.4865935298412644,
        0.35818259439786937,
        0.3448646287164841,
        0.3156548889046671,
        0.34402062503845227,
        0.278816649751192,
        0.26138379255266925,
        0.2529710421731427
    ],
    "val_accuracies": [
        70.07654836464857,
        75.43493389004871,
        78.42727905358386,
        84.62073764787752,
        85.03827418232429,
        87.54349338900487,
        84.27279053583855,
        88.51774530271399,
        89.4919972164231,
        89.21363952679192
    ],
    "hyperparameters": {
        "batch_size": 32,
        "num_epochs": 10,
        "initial_lr": 0.001,
        "weight_decay": 0.0001,
        "num_classes": 2,
        "save_model": true
    }
}