{
    "world_size": 2,
    "train_time": 20223.469653844833,
    "avg_epoch_time": 2022.3469653844834,
    "val_accuracy": 87.47390396659708,
    "test_accuracy": 88.79610299234517,
    "test_loss": 0.2801990509033203,
    "total_time": 20223.469653844833,
    "train_losses": [
        0.6426396874895015,
        0.6055967025561696,
        0.5744271968132143,
        0.5363003951264721,
        0.4719948026326144,
        0.42102785360734324,
        0.38945327765403487,
        0.3654281933648445,
        0.3496191252753449,
        0.34345028947433054
    ],
    "train_accuracies": [
        61.58674366055737,
        66.0306301782576,
        67.97221524813791,
        72.03950121349067,
        77.37886015566156,
        79.98158841744079,
        81.88132898150472,
        83.21198426646582,
        83.6220604234664,
        84.47568834212068
    ],
    "val_losses": [
        0.6143332276812177,
        0.6444578058784342,
        0.5279701211507236,
        0.43474188042582945,
        0.5092140503989878,
        0.3671101362404926,
        0.3246980646084644,
        0.3212463937456108,
        0.29372694252594195,
        0.28753747414115743
    ],
    "val_accuracies": [
        69.55462769659012,
        74.14752957550452,
        74.56506610995129,
        81.00208768267224,
        76.7223382045929,
        83.99443284620737,
        85.59498956158664,
        86.1169102296451,
        87.29993041057759,
        87.47390396659708
    ],
    "hyperparameters": {
        "batch_size": 32,
        "num_epochs": 10,
        "initial_lr": 0.001,
        "weight_decay": 0.0001,
        "num_classes": 2,
        "save_model": true
    }
}