{
    "world_size": 4,
    "train_time": 12993.086544275284,
    "avg_epoch_time": 1299.3086544275284,
    "val_accuracy": 88.23938761308281,
    "test_accuracy": 84.97913769123782,
    "test_loss": 0.32110277004799026,
    "total_time": 12993.086544275284,
    "train_losses": [
        0.6482754122063704,
        0.6296836058963792,
        0.578728420534892,
        0.5350231641206781,
        0.48585276898978647,
        0.4444503811413274,
        0.41434334887620294,
        0.39000861905608714,
        0.37004338152239014,
        0.3575970679596378
    ],
    "train_accuracies": [
        60.50209205020921,
        64.03347280334728,
        67.31380753138075,
        71.68200836820084,
        75.6652719665272,
        78.76150627615063,
        79.6652719665272,
        81.74058577405857,
        82.67782426778243,
        83.2133891213389
    ],
    "val_losses": [
        0.6219550296508694,
        0.6074934140127736,
        0.5405219873788046,
        0.4767897388714423,
        0.4070451858562982,
        0.3815607632210293,
        0.34677562119650523,
        0.3180145895472814,
        0.308993036620884,
        0.2890940554538533
    ],
    "val_accuracies": [
        71.39874739039666,
        74.04314544189283,
        74.53027139874739,
        78.00974251913709,
        82.39387613082812,
        82.95059151009046,
        84.69032707028532,
        86.49965205288797,
        87.12595685455811,
        88.23938761308281
    ],
    "hyperparameters": {
        "batch_size": 32,
        "num_epochs": 10,
        "initial_lr": 0.001,
        "weight_decay": 0.0001,
        "num_classes": 2,
        "save_model": true
    }
}