{
    "world_size": 4,
    "train_time": 3785.717926502228,
    "avg_epoch_time": 378.5717926502228,
    "val_accuracy": 88.3089770354906,
    "test_accuracy": 86.6481223922114,
    "test_loss": 0.31092317412725246,
    "total_time": 3785.717926502228,
    "train_losses": [
        0.6480397883518969,
        0.6167628019923446,
        0.568768892348062,
        0.5166494257679545,
        0.4532592488931313,
        0.4173902630756091,
        0.40206088277086555,
        0.36639074012076006,
        0.3560855256363937,
        0.3413888303654962
    ],
    "train_accuracies": [
        60.71966527196653,
        65.65690376569037,
        68.51882845188284,
        74.05857740585775,
        78.22594142259415,
        80.55230125523012,
        80.75313807531381,
        82.59414225941423,
        83.96652719665272,
        83.7489539748954
    ],
    "val_losses": [
        0.6515855416292603,
        0.551400463450013,
        0.548451015911089,
        0.4716679027035739,
        0.3907001546960617,
        0.3525747205950605,
        0.31295053048024346,
        0.3200962401630983,
        0.2905889655370719,
        0.27752987315609956
    ],
    "val_accuracies": [
        71.12038970076549,
        73.55601948503828,
        72.92971468336813,
        77.59220598469032,
        83.15935977731385,
        85.66457898399443,
        87.47390396659708,
        86.43006263048017,
        88.3089770354906,
        88.3089770354906
    ],
    "hyperparameters": {
        "batch_size": 32,
        "num_epochs": 10,
        "initial_lr": 0.001,
        "weight_decay": 0.0001,
        "num_classes": 2,
        "save_model": true
    }
}