{
    "world_size": 2,
    "train_time": 23916.26261806488,
    "avg_epoch_time": 2391.626261806488,
    "val_accuracy": 87.71746694502436,
    "test_accuracy": 87.40431454418928,
    "test_loss": 0.3118752727262992,
    "total_time": 23916.26261806488,
    "train_losses": [
        0.6493814360328235,
        0.6192248269487838,
        0.5893083884083723,
        0.5391946390928389,
        0.46946226711482303,
        0.4312671113960992,
        0.39975917053498006,
        0.3765572106334911,
        0.3652168217787973,
        0.35761043967482575
    ],
    "train_accuracies": [
        60.23098167210645,
        65.2188467654197,
        67.39476106787178,
        72.51652857979747,
        77.32027784751862,
        79.6049878650933,
        80.87706084191146,
        82.4085697547912,
        82.58431667922002,
        83.3291488827517
    ],
    "val_losses": [
        0.6207433361598993,
        0.5541805636161056,
        0.520727162819068,
        0.5256088383926147,
        0.6134759488417693,
        0.36767511815351167,
        0.3314648286783621,
        0.3050777815080137,
        0.2894544955874452,
        0.28565800866071933
    ],
    "val_accuracies": [
        69.90257480862908,
        74.28670842032011,
        75.81767571329158,
        76.82672233820459,
        70.18093249826026,
        83.29853862212944,
        86.25608907446068,
        87.2303409881698,
        87.43910925539318,
        87.71746694502436
    ],
    "hyperparameters": {
        "batch_size": 32,
        "num_epochs": 10,
        "initial_lr": 0.001,
        "weight_decay": 0.0001,
        "num_classes": 2,
        "save_model": true
    }
}