{
    "world_size": 4,
    "train_time": 5552.7846212387085,
    "avg_epoch_time": 555.2784621238709,
    "val_accuracy": 89.42240779401531,
    "test_accuracy": 87.20445062586926,
    "test_loss": 0.2857187781612465,
    "total_time": 5552.7846212387085,
    "train_losses": [
        0.6374727773267355,
        0.6045920153143017,
        0.5309176274672712,
        0.4704754906219419,
        0.4211230176961572,
        0.3967871574128522,
        0.3782093461687096,
        0.34914774755803113,
        0.3443033064957942,
        0.3276315889099153
    ],
    "train_accuracies": [
        61.94142259414226,
        66.1255230125523,
        71.61506276150628,
        76.98744769874477,
        80.35146443514644,
        81.60669456066945,
        82.0418410041841,
        84.38493723849372,
        84.20083682008368,
        84.23430962343096
    ],
    "val_losses": [
        0.6581590212959337,
        0.5418545465628638,
        0.5028727820289575,
        0.3955008366411564,
        0.3741703352417146,
        0.3371237175449698,
        0.31399957090097746,
        0.29544170834409256,
        0.27241759040576347,
        0.26485607382648924
    ],
    "val_accuracies": [
        67.15379262352123,
        75.15657620041753,
        77.8705636743215,
        82.18510786360473,
        83.92484342379959,
        85.87334725121781,
        87.68267223382045,
        87.96102992345163,
        88.79610299234517,
        89.42240779401531
    ],
    "hyperparameters": {
        "batch_size": 32,
        "num_epochs": 10,
        "initial_lr": 0.001,
        "weight_decay": 0.0001,
        "num_classes": 2,
        "save_model": true
    }
}