{
    "world_size": 4,
    "train_time": 4871.955017089844,
    "avg_epoch_time": 487.19550170898435,
    "val_accuracy": 89.42240779401531,
    "test_accuracy": 87.20445062586926,
    "test_loss": 0.30665782628702687,
    "total_time": 4871.955017089844,
    "train_losses": [
        0.6479086761694074,
        0.6090708466154761,
        0.5197986322815947,
        0.46499148074553104,
        0.42646901890822536,
        0.4028993652605113,
        0.38711823966712633,
        0.3581581878213204,
        0.3457125015687743,
        0.32986888491957755
    ],
    "train_accuracies": [
        60.31799163179916,
        66.61087866108787,
        73.18828451882845,
        77.85774058577405,
        79.88284518828452,
        81.23849372384937,
        81.40585774058577,
        83.9163179916318,
        83.94979079497908,
        84.51882845188284
    ],
    "val_losses": [
        0.694937352389201,
        0.5166993375113215,
        0.52303525504754,
        0.400955745554999,
        0.8337661782610143,
        0.40791592257007925,
        0.31472845382796616,
        0.3658994632872261,
        0.2779759848457952,
        0.2687094644614202
    ],
    "val_accuracies": [
        58.94224077940153,
        77.03549060542798,
        75.78288100208768,
        82.6026443980515,
        65.48364648573417,
        81.419624217119,
        87.33472512178149,
        84.55114822546973,
        89.00487125956855,
        89.42240779401531
    ],
    "hyperparameters": {
        "batch_size": 32,
        "num_epochs": 10,
        "initial_lr": 0.001,
        "weight_decay": 0.0001,
        "num_classes": 2,
        "save_model": true
    }
}